{
    "data": [
        {
            "id": 1001,
            "type": "Spaceship",
            "name": "Newbie Ship",
            "icon": "ship001.png",
            "stats": {
                "speed": 100,
                "power": 10
            }
        },
        {
            "id": 1002,
            "type": "Spaceship",
            "name": "USS Ultimate",
            "icon": "ship002.png",
            "stats": {
                "speed": 200,
                "power": 25
            }
        },
        {
            "id": 2001,
            "type": "Powerup",
            "name": "Warp Booster",
            "icon": "pwr001.png",
            "stat": "speed",
            "amount": 50
        },
        {
            "id": 2002,
            "type": "Powerup",
            "name": "Laser Amplifier",
            "icon": "pwr002.png",
            "stat": "power",
            "amount": 10
        },
        {
            "id:": 2003,
            "type": "Powerup",
            "name": "Kobayashi Maru",
            "icon": "pwr003.png",
            "stat:": "power",
            "amount": 20
        },
        {
            "id": 3001,
            "type": "Currency",
            "name": "Credits"
        },
        {
            "id": 3002,
            "type": "Currency",
            "name": "Space Gems"
        },
        {
            "id": 4004,
            "type": "Bundle",
            "name": "May the 4th Be With You Offer",
            "asset": "bundle004.png",
            "price": "$9.99",
            "items": [
                {
                    "itemId": 3002,
                    "amount": 1000
                },
                {
                    "itemId": 2002,
                    "amount": 10
                },
                {
                    "itemId": 1002,
                    "amount": 1
                }
            ]
        }
    ]
}