{
    "powerups": [
        {
            "id": 2001,
            "type": "Powerup",
            "name": "Warp Booster",
            "icon": "pwr001.png",
            "stat": "speed",
            "amount": 90
        },
        {
            "id": 2002,
            "type": "Powerup",
            "name": "Laser Amplifier",
            "icon": "pwr002.png",
            "stat": "power",
            "amount": 36
        },
        {
            "id": 0,
            "type": "Powerup",
            "name": "Kobayashi Maru",
            "icon": "pwr003.png",
            "stat": "",
            "amount": 30
        }
    ]
}