{
    "spaceships": [
        {
            "id": 1001,
            "type": "Spaceship",
            "name": "Newbie Spaceship",
            "icon": "ship001.png",
            "speed": 50,
            "power": 10
        },
        {
            "id": 1002,
            "type": "Spaceship",
            "name": "USS Ultimate",
            "icon": "ship002.png",
            "speed": 200,
            "power": 25
        },
        {
            "id": 1003,
            "type": "Spaceship",
            "name": "Spaceship 3",
            "icon": "ship001.png",
            "speed": 150,
            "power": 100
        },
        {
            "id": 1004,
            "type": "Spaceship",
            "name": "New spaceship",
            "icon": "ship001.png",
            "speed": 100,
            "power": 200
        }
    ]
}